type	key	nevents	nfiles	size_TB	dataset
MC	TTHHto4b	9999300	32	0.053	/TTHH-HHto4B_TuneCP5_13p6TeV_madgraph-pythia8/RunIII2024Summer24NanoAODv15-150X_mcRun3_2024_realistic_v2-v3/NANOAODSIM
MC	TTbar_SemiLep	484475057	790	1.551	/TTtoLNu2Q_TuneCP5_13p6TeV_powheg-pythia8/RunIII2024Summer24NanoAODv15-150X_mcRun3_2024_realistic_v2-v2/NANOAODSIM
MC	TTbar_Hadronic	472535695	773	1.490	/TTto4Q_TuneCP5_13p6TeV_powheg-pythia8/RunIII2024Summer24NanoAODv15-150X_mcRun3_2024_realistic_v2-v2/NANOAODSIM
MC	TTbar_DiLep	470123263	780	1.492	/TTto2L2Nu_TuneCP5_13p6TeV_powheg-pythia8/RunIII2024Summer24NanoAODv15-150X_mcRun3_2024_realistic_v2-v3/NANOAODSIM
MC	TTbb_SemiLep	22473402	283	0.081	/TTBBtoLNu2Q_TuneCP5_13p6TeV_powheg-pythia8/RunIII2024Summer24NanoAODv15-150X_mcRun3_2024_realistic_v2-v2/NANOAODSIM
MC	TTbb_Hadronic	14990580	189	0.053	/TTBBto4Q_TuneCP5_13p6TeV_powheg-pythia8/RunIII2024Summer24NanoAODv15-150X_mcRun3_2024_realistic_v2-v2/NANOAODSIM
MC	TTbb_DiLep	12499196	203	0.045	/TTBBto2L2Nu_TuneCP5_13p6TeV_powheg-pythia8/RunIII2024Summer24NanoAODv15-150X_mcRun3_2024_realistic_v2-v2/NANOAODSIM
MC	QCD_HT200to400	115255250	163	0.221	/QCD-4Jets_Bin-HT-200to400_TuneCP5_13p6TeV_madgraphMLM-pythia8/RunIII2024Summer24NanoAODv15-150X_mcRun3_2024_realistic_v2-v2/NANOAODSIM
MC	QCD_HT400to600	106725734	173	0.311	/QCD-4Jets_Bin-HT-400to600_TuneCP5_13p6TeV_madgraphMLM-pythia8/RunIII2024Summer24NanoAODv15-150X_mcRun3_2024_realistic_v2-v2/NANOAODSIM
MC	QCD_HT600to800	128235651	229	0.444	/QCD-4Jets_Bin-HT-600to800_TuneCP5_13p6TeV_madgraphMLM-pythia8/RunIII2024Summer24NanoAODv15-150X_mcRun3_2024_realistic_v2-v2/NANOAODSIM
MC	QCD_HT800to1000	124956604	262	0.472	/QCD-4Jets_Bin-HT-800to1000_TuneCP5_13p6TeV_madgraphMLM-pythia8/RunIII2024Summer24NanoAODv15-150X_mcRun3_2024_realistic_v2-v2/NANOAODSIM
MC	QCD_HT1000to1200	114436708	224	0.456	/QCD-4Jets_Bin-HT-1000to1200_TuneCP5_13p6TeV_madgraphMLM-pythia8/RunIII2024Summer24NanoAODv15-150X_mcRun3_2024_realistic_v2-v2/NANOAODSIM
MC	QCD_HT1200to1500	107835822	230	0.448	/QCD-4Jets_Bin-HT-1200to1500_TuneCP5_13p6TeV_madgraphMLM-pythia8/RunIII2024Summer24NanoAODv15-150X_mcRun3_2024_realistic_v2-v2/NANOAODSIM
MC	QCD_HT1500to2000	113208234	248	0.493	/QCD-4Jets_Bin-HT-1500to2000_TuneCP5_13p6TeV_madgraphMLM-pythia8/RunIII2024Summer24NanoAODv15-150X_mcRun3_2024_realistic_v2-v2/NANOAODSIM
MC	QCD_HT2000toInf	91953615	221	0.424	/QCD-4Jets_Bin-HT-2000_TuneCP5_13p6TeV_madgraphMLM-pythia8/RunIII2024Summer24NanoAODv15-150X_mcRun3_2024_realistic_v2-v2/NANOAODSIM
MC	ttHTobb_had	29624000	321	0.131	/TTH-Hto2B-TTto4Q_Par-M-125_TuneCP5_13p6TeV_powheg-pythia8/RunIII2024Summer24NanoAODv15-150X_mcRun3_2024_realistic_v2-v2/NANOAODSIM
MC	ttHTobb_semilep	29222000	319	0.129	/TTH-Hto2B-TTtoLNu2Q_Par-M-125_TuneCP5_13p6TeV_powheg-pythia8/RunIII2024Summer24NanoAODv15-150X_mcRun3_2024_realistic_v2-v2/NANOAODSIM
MC	ttHTobb_dilep	29565000	318	0.129	/TTH-Hto2B-TTto2L2Nu_Par-M-125_TuneCP5_13p6TeV_powheg-pythia8/RunIII2024Summer24NanoAODv15-150X_mcRun3_2024_realistic_v2-v2/NANOAODSIM
MC	ttHToNonbb	53980865	531	0.239	/TTH-HtoNon2B_Par-M-125_TuneCP5_13p6TeV_powheg-pythia8/RunIII2024Summer24NanoAODv15-150X_mcRun3_2024_realistic_v2-v2/NANOAODSIM
MC	tHq	19985991	352	0.070	/THQ-4FS-ctcvcp_Par-M-125_TuneCP5_13p6TeV_madgraph-pythia8/RunIII2024Summer24NanoAODv15-150X_mcRun3_2024_realistic_v2-v2/NANOAODSIM
MC	tHW	14995985	267	0.069	/THW-5FS-ctcvcp_Par-M-125_TuneCP5_13p6TeV_madgraph-pythia8/RunIII2024Summer24NanoAODv15-150X_mcRun3_2024_realistic_v2-v2/NANOAODSIM
MC	TTZToQQ	4078419	65	0.018	/TTZ-ZtoQQ-1Jets_TuneCP5_13p6TeV_amcatnloFXFXold-pythia8/RunIII2024Summer24NanoAODv15-150X_mcRun3_2024_realistic_v2-v2/NANOAODSIM
MC	TTWJetsToQQ	6210301	88	0.027	/TTW-WtoQQ-1Jets_TuneCP5_13p6TeV_amcatnloFXFXold-pythia8/RunIII2024Summer24NanoAODv15-150X_mcRun3_2024_realistic_v2-v2/NANOAODSIM
MC	TTWJetsToLNu	20362371	186	0.086	/TTLNu-1Jets_TuneCP5_13p6TeV_amcatnloFXFX-pythia8/RunIII2024Summer24NanoAODv15-mg35x_150X_mcRun3_2024_realistic_v2-v2/NANOAODSIM
MC	TTLL_MLL50	3952000	47	0.018	/TTLL_Bin-MLL-50_TuneCP5_13p6TeV_amcatnlo-pythia8/RunIII2024Summer24NanoAODv15-150X_mcRun3_2024_realistic_v2-v2/NANOAODSIM
MC	TTLL_MLL4to50	2965000	37	0.012	/TTLL_Bin-MLL-4to50_TuneCP5_13p6TeV_amcatnlo-pythia8/RunIII2024Summer24NanoAODv15-150X_mcRun3_2024_realistic_v2-v2/NANOAODSIM
MC	TTNuNu	3999000	46	0.014	/TTNuNu_TuneCP5_13p6TeV_amcatnlo-pythia8/RunIII2024Summer24NanoAODv15-150X_mcRun3_2024_realistic_v2-v2/NANOAODSIM
MC	TTZHTo4b	9984820	27	0.053	/TTZH-ZHto4B_TuneCP5_13p6TeV_madgraph-pythia8/RunIII2024Summer24NanoAODv15-150X_mcRun3_2024_realistic_v2-v2/NANOAODSIM
MC	TTZZTo4b	9911305	37	0.051	/TTZZ-ZZto4B_TuneCP5_13p6TeV_madgraph-pythia8/RunIII2024Summer24NanoAODv15-150X_mcRun3_2024_realistic_v2-v3/NANOAODSIM
MC	TTWW	5801000	56	0.029	/TTWW_TuneCP5_13p6TeV_madgraph-pythia8/RunIII2024Summer24NanoAODv15-150X_mcRun3_2024_realistic_v2-v2/NANOAODSIM
MC	TTWH	10595000	100	0.052	/TTWH_TuneCP5_13p6TeV_madgraph-pythia8/RunIII2024Summer24NanoAODv15-150X_mcRun3_2024_realistic_v2-v2/NANOAODSIM
MC	TTWZ	5529000	51	0.026	/TTWZ_TuneCP5_13p6TeV_madgraph-pythia8/RunIII2024Summer24NanoAODv15-150X_mcRun3_2024_realistic_v2-v2/NANOAODSIM
MC	TTTWminus	9690184	187	0.056	/TTTWminus-DR1_TuneCP5_13p6TeV_amcatnlo-pythia8/RunIII2024Summer24NanoAODv15-150X_mcRun3_2024_realistic_v2-v2/NANOAODSIM
MC	TTTWplus	9580240	173	0.055	/TTTWplus-DR1_TuneCP5_13p6TeV_amcatnlo-pythia8/RunIII2024Summer24NanoAODv15-150X_mcRun3_2024_realistic_v2-v2/NANOAODSIM
MC	TTTT	9776800	101	0.061	/TTTT_TuneCP5_13p6TeV_amcatnlo-pythia8/RunIII2024Summer24NanoAODv15-150X_mcRun3_2024_realistic_v2-v2/NANOAODSIM
MC	TT4b	9898300	34	0.043	/TT4B_TuneCP5_13p6TeV_madgraph-pythia8/RunIII2024Summer24NanoAODv15-150X_mcRun3_2024_realistic_v2-v3/NANOAODSIM
MC	ST_t_top_had	87576444	778	0.205	/TBbarQto2Q-t-channel-4FS_TuneCP5_13p6TeV_powheg-madspin-pythia8/RunIII2024Summer24NanoAODv15-150X_mcRun3_2024_realistic_v2-v2/NANOAODSIM
MC	ST_t_top_lep	44258039	391	0.106	/TBbarQtoLNu-t-channel-4FS_TuneCP5_13p6TeV_powheg-madspin-pythia8/RunIII2024Summer24NanoAODv15-150X_mcRun3_2024_realistic_v2-v2/NANOAODSIM
MC	ST_t_antitop_had	43273264	825	0.103	/TbarBQto2Q-t-channel-4FS_TuneCP5_13p6TeV_powheg-madspin-pythia8/RunIII2024Summer24NanoAODv15-150X_mcRun3_2024_realistic_v2-v2/NANOAODSIM
MC	ST_t_antitop_lep	22102160	249	0.053	/TbarBQtoLNu-t-channel-4FS_TuneCP5_13p6TeV_powheg-madspin-pythia8/RunIII2024Summer24NanoAODv15-150X_mcRun3_2024_realistic_v2-v2/NANOAODSIM
MC	ST_tW_top_had	23999000	154	0.067	/TWminusto4Q_TuneCP5_13p6TeV_powheg-pythia8/RunIII2024Summer24NanoAODv15-150X_mcRun3_2024_realistic_v2-v2/NANOAODSIM
MC	ST_tW_top_semilep	28763293	252	0.083	/TWminustoLNu2Q_TuneCP5_13p6TeV_powheg-pythia8/RunIII2024Summer24NanoAODv15-150X_mcRun3_2024_realistic_v2-v2/NANOAODSIM
MC	ST_tW_top_dilep	14998000	176	0.043	/TWminusto2L2Nu_TuneCP5_13p6TeV_powheg-pythia8/RunIII2024Summer24NanoAODv15-150X_mcRun3_2024_realistic_v2-v2/NANOAODSIM
MC	ST_tW_antitop_had	24000000	195	0.067	/TbarWplusto4Q_TuneCP5_13p6TeV_powheg-pythia8/RunIII2024Summer24NanoAODv15-150X_mcRun3_2024_realistic_v2-v2/NANOAODSIM
MC	ST_tW_antitop_semilep	29395659	252	0.084	/TbarWplustoLNu2Q_TuneCP5_13p6TeV_powheg-pythia8/RunIII2024Summer24NanoAODv15-150X_mcRun3_2024_realistic_v2-v2/NANOAODSIM
MC	ST_tW_antitop_dilep	15000000	90	0.043	/TbarWplusto2L2Nu_TuneCP5_13p6TeV_powheg-pythia8/RunIII2024Summer24NanoAODv15-150X_mcRun3_2024_realistic_v2-v2/NANOAODSIM
MC	ST_s_top_had	9210000	96	0.022	/TBbarto2Q-s-channel_TuneCP5_13p6TeV_powheg-pythia8/RunIII2024Summer24NanoAODv15-150X_mcRun3_2024_realistic_v2-v2/NANOAODSIM
MC	ST_s_top_lep	46140000	273	0.110	/TBbartoLNu-s-channel_TuneCP5_13p6TeV_powheg-pythia8/RunIII2024Summer24NanoAODv15-150X_mcRun3_2024_realistic_v2-v2/NANOAODSIM
MC	ST_s_antitop_had	5924000	94	0.014	/TbarBto2Q-s-channel_TuneCP5_13p6TeV_powheg-pythia8/RunIII2024Summer24NanoAODv15-150X_mcRun3_2024_realistic_v2-v2/NANOAODSIM
MC	ST_s_antitop_lep	29566000	224	0.070	/TbarBtoLNu-s-channel_TuneCP5_13p6TeV_powheg-pythia8/RunIII2024Summer24NanoAODv15-150X_mcRun3_2024_realistic_v2-v2/NANOAODSIM
MC	WW	63986968	518	0.115	/WW_TuneCP5_13p6TeV_pythia8/RunIII2024Summer24NanoAODv15-150X_mcRun3_2024_realistic_v2-v2/NANOAODSIM
MC	WZ	30547825	307	0.055	/WZ_TuneCP5_13p6TeV_pythia8/RunIII2024Summer24NanoAODv15-150X_mcRun3_2024_realistic_v2-v2/NANOAODSIM
MC	ZZ	4800000	76	0.009	/ZZ_TuneCP5_13p6TeV_pythia8/RunIII2024Summer24NanoAODv15-150X_mcRun3_2024_realistic_v2-v2/NANOAODSIM
MC	WJetsToQQ_HT400to800	401294004	2532	1.263	/Wto2Q-3Jets_Bin-HT-400to800_TuneCP5_13p6TeV_madgraphMLM-pythia8/RunIII2024Summer24NanoAODv15-150X_mcRun3_2024_realistic_v2-v2/NANOAODSIM
MC	WJetsToQQ_HT800to1500	53389988	414	0.217	/Wto2Q-3Jets_Bin-HT-800to1500_TuneCP5_13p6TeV_madgraphMLM-pythia8/RunIII2024Summer24NanoAODv15-150X_mcRun3_2024_realistic_v2-v2/NANOAODSIM
MC	WJetsToQQ_HT1500to2500	48297099	372	0.222	/Wto2Q-3Jets_Bin-HT-1500to2500_TuneCP5_13p6TeV_madgraphMLM-pythia8/RunIII2024Summer24NanoAODv15-150X_mcRun3_2024_realistic_v2-v3/NANOAODSIM
MC	WJetsToQQ_HT2500toInf	52106542	442	0.260	/Wto2Q-3Jets_Bin-HT-2500_TuneCP5_13p6TeV_madgraphMLM-pythia8/RunIII2024Summer24NanoAODv15-150X_mcRun3_2024_realistic_v2-v2/NANOAODSIM
MC	ZJetsToQQ_HT400to800	181710909	961	0.574	/Zto2Q-4Jets_Bin-HT-400to800_TuneCP5_13p6TeV_madgraphMLM-pythia8/RunIII2024Summer24NanoAODv15-150X_mcRun3_2024_realistic_v2-v2/NANOAODSIM
MC	ZJetsToQQ_HT800to1500	51509657	456	0.216	/Zto2Q-4Jets_Bin-HT-800to1500_TuneCP5_13p6TeV_madgraphMLM-pythia8/RunIII2024Summer24NanoAODv15-150X_mcRun3_2024_realistic_v2-v2/NANOAODSIM
MC	ZJetsToQQ_HT1500to2500	67205770	557	0.322	/Zto2Q-4Jets_Bin-HT-1500to2500_TuneCP5_13p6TeV_madgraphMLM-pythia8/RunIII2024Summer24NanoAODv15-150X_mcRun3_2024_realistic_v2-v2/NANOAODSIM
MC	ZJetsToQQ_HT2500toInf	41893516	495	0.220	/Zto2Q-4Jets_Bin-HT-2500_TuneCP5_13p6TeV_madgraphMLM-pythia8/RunIII2024Summer24NanoAODv15-150X_mcRun3_2024_realistic_v2-v3/NANOAODSIM
DATA	JetMET0_Run2025B-PromptReco-v1	13561943	91	0.015	/JetMET0/Run2025B-PromptReco-v1/NANOAOD
DATA	JetMET0_Run2025C-PromptReco-v1	155327920	524	0.319	/JetMET0/Run2025C-PromptReco-v1/NANOAOD
DATA	JetMET0_Run2025C-PromptReco-v2	81725663	290	0.165	/JetMET0/Run2025C-PromptReco-v2/NANOAOD
DATA	JetMET0_Run2025D-PromptReco-v1	257411297	944	0.537	/JetMET0/Run2025D-PromptReco-v1/NANOAOD
DATA	JetMET0_Run2025E-PromptReco-v1	145280947	484	0.299	/JetMET0/Run2025E-PromptReco-v1/NANOAOD
DATA	JetMET0_Run2025F-PromptReco-v1	200915960	723	0.408	/JetMET0/Run2025F-PromptReco-v1/NANOAOD
DATA	JetMET0_Run2025F-PromptReco-v2	76494690	290	0.158	/JetMET0/Run2025F-PromptReco-v2/NANOAOD
DATA	JetMET0_Run2025G-PromptReco-v1	259840950	824	0.510	/JetMET0/Run2025G-PromptReco-v1/NANOAOD
DATA	JetMET1_Run2025B-PromptReco-v1	13551058	92	0.015	/JetMET1/Run2025B-PromptReco-v1/NANOAOD
DATA	JetMET1_Run2025C-PromptReco-v1	155309595	530	0.319	/JetMET1/Run2025C-PromptReco-v1/NANOAOD
DATA	JetMET1_Run2025C-PromptReco-v2	81736350	282	0.165	/JetMET1/Run2025C-PromptReco-v2/NANOAOD
DATA	JetMET1_Run2025D-PromptReco-v1	257342455	930	0.536	/JetMET1/Run2025D-PromptReco-v1/NANOAOD
DATA	JetMET1_Run2025E-PromptReco-v1	145256476	492	0.299	/JetMET1/Run2025E-PromptReco-v1/NANOAOD
DATA	JetMET1_Run2025F-PromptReco-v1	200859929	715	0.408	/JetMET1/Run2025F-PromptReco-v1/NANOAOD
DATA	JetMET1_Run2025F-PromptReco-v2	76479375	287	0.158	/JetMET1/Run2025F-PromptReco-v2/NANOAOD
DATA	JetMET1_Run2025G-PromptReco-v1	259876805	836	0.510	/JetMET1/Run2025G-PromptReco-v1/NANOAOD
DATA	Muon0_Run2025B-PromptReco-v1	5602078	77	0.007	/Muon0/Run2025B-PromptReco-v1/NANOAOD
DATA	Muon0_Run2025C-PromptReco-v1	250835953	638	0.358	/Muon0/Run2025C-PromptReco-v1/NANOAOD
DATA	Muon0_Run2025C-PromptReco-v2	148575745	356	0.213	/Muon0/Run2025C-PromptReco-v2/NANOAOD
DATA	Muon0_Run2025D-PromptReco-v1	479676562	1166	0.698	/Muon0/Run2025D-PromptReco-v1/NANOAOD
DATA	Muon0_Run2025E-PromptReco-v1	265645863	606	0.388	/Muon0/Run2025E-PromptReco-v1/NANOAOD
DATA	Muon0_Run2025F-PromptReco-v1	377119912	884	0.544	/Muon0/Run2025F-PromptReco-v1/NANOAOD
DATA	Muon0_Run2025F-PromptReco-v2	143519758	344	0.208	/Muon0/Run2025F-PromptReco-v2/NANOAOD
DATA	Muon0_Run2025G-PromptReco-v1	442329683	1009	0.629	/Muon0/Run2025G-PromptReco-v1/NANOAOD
DATA	Muon1_Run2025B-PromptReco-v1	5598676	77	0.007	/Muon1/Run2025B-PromptReco-v1/NANOAOD
DATA	Muon1_Run2025C-PromptReco-v1	250819768	644	0.358	/Muon1/Run2025C-PromptReco-v1/NANOAOD
DATA	Muon1_Run2025C-PromptReco-v2	148565659	350	0.213	/Muon1/Run2025C-PromptReco-v2/NANOAOD
DATA	Muon1_Run2025D-PromptReco-v1	479642866	1159	0.698	/Muon1/Run2025D-PromptReco-v1/NANOAOD
DATA	Muon1_Run2025E-PromptReco-v1	265630211	611	0.388	/Muon1/Run2025E-PromptReco-v1/NANOAOD
DATA	Muon1_Run2025F-PromptReco-v1	377092035	891	0.544	/Muon1/Run2025F-PromptReco-v1/NANOAOD
DATA	Muon1_Run2025F-PromptReco-v2	143511119	345	0.208	/Muon1/Run2025F-PromptReco-v2/NANOAOD
DATA	Muon1_Run2025G-PromptReco-v1	442232031	1003	0.630	/Muon1/Run2025G-PromptReco-v1/NANOAOD
