utc	era	tier	key	group	sig	dataset	lfn	n_file	n_in	comp	n_kept	meta_bytes	empty_bytes	base_bytes	jet_ptmin	wall_s	6jcount_pass	6jcount_bytes	6j20_pass	6j20_bytes	6j25_pass	6j25_bytes	6j30_pass	6j30_bytes	6j20ht400_pass	6j20ht400_bytes
2026-09-27T17:58:21Z	2024	MC	TTbar_Hadronic	tt_had	28d75c077e12	/TTto4Q_TuneCP5_13p6TeV_powheg-pythia8/RunIII2024Summer24NanoAODv15-150X_mcRun3_2024_realistic_v2-v2/NANOAODSIM	/store/mc/RunIII2024Summer24NanoAODv15/TTto4Q_TuneCP5_13p6TeV_powheg-pythia8/NANOAODSIM/150X_mcRun3_2024_realistic_v2-v2/110000/02206ef6-823f-4270-a5ac-e7c206ed7600.root	530640	10000	209	703	969099206	26888	18221623	15.00	458	6843	13132193	5203	10198120	3777	7596748	2547	5205431	2902	5961199
2026-09-27T18:05:35Z	2024	MC	TTbar_SemiLep	tt_semilep	28d75c077e12	/TTtoLNu2Q_TuneCP5_13p6TeV_powheg-pythia8/RunIII2024Summer24NanoAODv15-150X_mcRun3_2024_realistic_v2-v2/NANOAODSIM	/store/mc/RunIII2024Summer24NanoAODv15/TTtoLNu2Q_TuneCP5_13p6TeV_powheg-pythia8/NANOAODSIM/150X_mcRun3_2024_realistic_v2-v2/2520000/004eb958-f042-48a7-b7a3-2f1cd5185215.root	624239	10000	209	703	1134410695	26848	18188595	15.00	433	4753	9538398	3211	6637093	2154	4563837	1407	3139993	1774	3871047
2026-09-27T18:13:01Z	2024	MC	TTbar_DiLep	tt_dilep	28d75c077e12	/TTto2L2Nu_TuneCP5_13p6TeV_powheg-pythia8/RunIII2024Summer24NanoAODv15-150X_mcRun3_2024_realistic_v2-v3/NANOAODSIM	/store/mc/RunIII2024Summer24NanoAODv15/TTto2L2Nu_TuneCP5_13p6TeV_powheg-pythia8/NANOAODSIM/150X_mcRun3_2024_realistic_v2-v3/100000/016a8301-8bde-443d-a9f2-9dd5837b3f6d.root	820990	10000	209	703	1456484490	26896	17675791	15.00	446	2722	5590706	1614	3495145	997	2292004	604	1509498	882	2088340
2026-09-28T08:41:07Z	2018UL	MC	TTbar_Hadronic	tt_had	e4c4e53fe381	/TTToHadronic_TuneCP5_13TeV-powheg-pythia8/RunIISummer20UL18NanoAODv15-150X_mc2018_realistic_v1-v2/NANOAODSIM	/store/mc/RunIISummer20UL18NanoAODv15/TTToHadronic_TuneCP5_13TeV-powheg-pythia8/NANOAODSIM/150X_mc2018_realistic_v1-v2/100000/002d2fd2-a3b0-45f0-8e23-2e0304114149.root	515000	10000	209	717	951153577	26780	18468674	15.00	497	7350	14200374	5745	11331895	4254	8638919	2969	6127038	3208	6656027
2026-09-28T08:42:32Z	2018UL	MC	TTbar_SemiLep	tt_semilep	e4c4e53fe381	/TTToSemiLeptonic_TuneCP5_13TeV-powheg-pythia8/RunIISummer20UL18NanoAODv15-150X_mc2018_realistic_v1-v2/NANOAODSIM	/store/mc/RunIISummer20UL18NanoAODv15/TTToSemiLeptonic_TuneCP5_13TeV-powheg-pythia8/NANOAODSIM/150X_mc2018_realistic_v1-v2/130000/00697485-5ff4-4991-8ba4-b8d1e80c4391.root	927000	10000	209	717	1697726924	26760	18285876	15.00	85	5211	10430008	3562	7381309	2348	4972485	1559	3451885	1862	4067443
2026-09-28T08:44:09Z	2018UL	MC	TTbar_DiLep	tt_dilep	e4c4e53fe381	/TTTo2L2Nu_TuneCP5_13TeV-powheg-pythia8/RunIISummer20UL18NanoAODv15-150X_mc2018_realistic_v1-v2/NANOAODSIM	/store/mc/RunIISummer20UL18NanoAODv15/TTTo2L2Nu_TuneCP5_13TeV-powheg-pythia8/NANOAODSIM/150X_mc2018_realistic_v1-v2/2810000/034bac3b-8b10-48a5-af32-5c5247f38065.root	927000	10000	209	717	1649384734	26752	17794344	15.00	96	3121	6501530	1865	4048951	1165	2689672	733	1816510	1024	2419524
2026-09-28T08:44:57Z	2018UL	MC	ST_t_top	st_incl	e4c4e53fe381	/ST_t-channel_top_4f_InclusiveDecays_TuneCP5_13TeV-powheg-madspin-pythia8/RunIISummer20UL18NanoAODv15-150X_mc2018_realistic_v1-v1/NANOAODSIM	/store/mc/RunIISummer20UL18NanoAODv15/ST_t-channel_top_4f_InclusiveDecays_TuneCP5_13TeV-powheg-madspin-pythia8/NANOAODSIM/150X_mc2018_realistic_v1-v1/2560000/009deac4-e54b-48ef-bcce-c02436e53fff.root	1133000	10000	209	717	1672892892	26772	14661635	15.00	48	1475	2864250	709	1541534	380	945876	217	636730	317	832634
2026-09-28T08:46:39Z	2018UL	MC	QCD_HT300to500	qcd:300	e4c4e53fe381	/QCD_HT300to500_TuneCP5_PSWeights_13TeV-madgraph-pythia8/RunIISummer20UL18NanoAODv15-150X_mc2018_realistic_v1-v1/NANOAODSIM	/store/mc/RunIISummer20UL18NanoAODv15/QCD_HT300to500_TuneCP5_PSWeights_13TeV-madgraph-pythia8/NANOAODSIM/150X_mc2018_realistic_v1-v1/2560000/06f87fa3-6316-4e57-bd0f-c8f9cc5ba13c.root	1029693	10000	209	717	1406898894	26756	13573327	15.00	102	1765	3054721	755	1474154	329	778948	148	461799	320	756498
2026-09-28T09:26:12Z	2018UL	MC	QCD_HT500to700	qcd:500	e4c4e53fe381	/QCD_HT500to700_TuneCP5_PSWeights_13TeV-madgraph-pythia8/RunIISummer20UL18NanoAODv15-150X_mc2018_realistic_v1-v1/NANOAODSIM	/store/mc/RunIISummer20UL18NanoAODv15/QCD_HT500to700_TuneCP5_PSWeights_13TeV-madgraph-pythia8/NANOAODSIM/150X_mc2018_realistic_v1-v1/130000/073cc70c-7c59-4505-8a3f-aa3ff3ffbf8b.root	515731	10000	209	717	777072723	26740	15048556	15.00	2373	3033	5443895	1699	3223869	1001	2039116	601	1324418	1666	3165129
2026-09-28T09:27:18Z	2018UL	MC	QCD_HT700to1000	qcd:700	e4c4e53fe381	/QCD_HT700to1000_TuneCP5_PSWeights_13TeV-madgraph-pythia8/RunIISummer20UL18NanoAODv15-150X_mc2018_realistic_v1-v1/NANOAODSIM	/store/mc/RunIISummer20UL18NanoAODv15/QCD_HT700to1000_TuneCP5_PSWeights_13TeV-madgraph-pythia8/NANOAODSIM/150X_mc2018_realistic_v1-v1/2560000/007ef96e-27c7-4fc0-8c39-8b287021cc48.root	514883	10000	209	717	831000467	26740	16002523	15.00	66	3605	6784172	2293	4460475	1554	3163729	1069	2277548	2291	4454939
2026-09-28T11:08:09Z	2018UL	MC	TTbar_Hadronic	tt_had	2fd06e7d24ba	/TTToHadronic_TuneCP5_13TeV-powheg-pythia8/RunIISummer20UL18NanoAODv15-150X_mc2018_realistic_v1-v2/NANOAODSIM	/store/mc/RunIISummer20UL18NanoAODv15/TTToHadronic_TuneCP5_13TeV-powheg-pythia8/NANOAODSIM/150X_mc2018_realistic_v1-v2/100000/002d2fd2-a3b0-45f0-8e23-2e0304114149.root	515000	10000	209	717	951153577	26780	18468666	15.00	488	7350	14200382	5745	11331883	4254	8638955	2969	6127030	3208	6656015
2026-09-28T11:16:23Z	2018UL	MC	TTbar_SemiLep	tt_semilep	2fd06e7d24ba	/TTToSemiLeptonic_TuneCP5_13TeV-powheg-pythia8/RunIISummer20UL18NanoAODv15-150X_mc2018_realistic_v1-v2/NANOAODSIM	/store/mc/RunIISummer20UL18NanoAODv15/TTToSemiLeptonic_TuneCP5_13TeV-powheg-pythia8/NANOAODSIM/150X_mc2018_realistic_v1-v2/130000/00697485-5ff4-4991-8ba4-b8d1e80c4391.root	927000	10000	209	717	1697726924	26760	18285872	15.00	493	5211	10429972	3562	7381305	2348	4972477	1559	3451917	1862	4067355
2026-09-28T11:24:06Z	2018UL	MC	TTbar_DiLep	tt_dilep	2fd06e7d24ba	/TTTo2L2Nu_TuneCP5_13TeV-powheg-pythia8/RunIISummer20UL18NanoAODv15-150X_mc2018_realistic_v1-v2/NANOAODSIM	/store/mc/RunIISummer20UL18NanoAODv15/TTTo2L2Nu_TuneCP5_13TeV-powheg-pythia8/NANOAODSIM/150X_mc2018_realistic_v1-v2/2810000/034bac3b-8b10-48a5-af32-5c5247f38065.root	927000	10000	209	717	1649384734	26752	17794296	15.00	463	3121	6501514	1865	4048915	1165	2689752	733	1816450	1024	2419480
2026-09-28T11:30:13Z	2018UL	MC	ST_t_top	st_incl	2fd06e7d24ba	/ST_t-channel_top_4f_InclusiveDecays_TuneCP5_13TeV-powheg-madspin-pythia8/RunIISummer20UL18NanoAODv15-150X_mc2018_realistic_v1-v1/NANOAODSIM	/store/mc/RunIISummer20UL18NanoAODv15/ST_t-channel_top_4f_InclusiveDecays_TuneCP5_13TeV-powheg-madspin-pythia8/NANOAODSIM/150X_mc2018_realistic_v1-v1/2560000/009deac4-e54b-48ef-bcce-c02436e53fff.root	1133000	10000	209	717	1672892892	26772	14661583	15.00	367	1475	2864230	709	1541546	380	945872	217	636706	317	832594
2026-09-28T11:36:15Z	2018UL	MC	QCD_HT300to500	qcd:300	2fd06e7d24ba	/QCD_HT300to500_TuneCP5_PSWeights_13TeV-madgraph-pythia8/RunIISummer20UL18NanoAODv15-150X_mc2018_realistic_v1-v1/NANOAODSIM	/store/mc/RunIISummer20UL18NanoAODv15/QCD_HT300to500_TuneCP5_PSWeights_13TeV-madgraph-pythia8/NANOAODSIM/150X_mc2018_realistic_v1-v1/2560000/06f87fa3-6316-4e57-bd0f-c8f9cc5ba13c.root	1029693	10000	209	717	1406898894	26756	13573371	15.00	362	1765	3054733	755	1474162	329	778980	148	461823	320	756462
2026-09-28T11:43:36Z	2018UL	MC	QCD_HT500to700	qcd:500	2fd06e7d24ba	/QCD_HT500to700_TuneCP5_PSWeights_13TeV-madgraph-pythia8/RunIISummer20UL18NanoAODv15-150X_mc2018_realistic_v1-v1/NANOAODSIM	/store/mc/RunIISummer20UL18NanoAODv15/QCD_HT500to700_TuneCP5_PSWeights_13TeV-madgraph-pythia8/NANOAODSIM/150X_mc2018_realistic_v1-v1/130000/073cc70c-7c59-4505-8a3f-aa3ff3ffbf8b.root	515731	10000	209	717	777072723	26740	15048520	15.00	441	3033	5443843	1699	3223849	1001	2039084	601	1324386	1666	3165141
2026-09-28T11:52:39Z	2018UL	MC	QCD_HT700to1000	qcd:700	2fd06e7d24ba	/QCD_HT700to1000_TuneCP5_PSWeights_13TeV-madgraph-pythia8/RunIISummer20UL18NanoAODv15-150X_mc2018_realistic_v1-v1/NANOAODSIM	/store/mc/RunIISummer20UL18NanoAODv15/QCD_HT700to1000_TuneCP5_PSWeights_13TeV-madgraph-pythia8/NANOAODSIM/150X_mc2018_realistic_v1-v1/2560000/007ef96e-27c7-4fc0-8c39-8b287021cc48.root	514883	10000	209	717	831000467	26740	16002531	15.00	543	3605	6784124	2293	4460491	1554	3163689	1069	2277628	2291	4454991
2026-09-28T12:00:54Z	2018UL	MC	QCD_HT1000to1500	qcd:1000	2fd06e7d24ba	/QCD_HT1000to1500_TuneCP5_PSWeights_13TeV-madgraph-pythia8/RunIISummer20UL18NanoAODv15-150X_mc2018_realistic_v1-v1/NANOAODSIM	/store/mc/RunIISummer20UL18NanoAODv15/QCD_HT1000to1500_TuneCP5_PSWeights_13TeV-madgraph-pythia8/NANOAODSIM/150X_mc2018_realistic_v1-v1/100000/11401ba3-6700-4326-b0ea-e7ef2920b477.root	719249	10000	209	717	1245865142	26744	17091732	15.00	494	4169	8250837	2827	5791762	2040	4279253	1501	3275867	2827	5791782
2026-09-28T12:03:46Z	2018UL	Data	JetHT_Run2018A	pd_jet	fa5fe5d75158	/JetHT/Run2018A-UL2018_NanoAODv15-v2/NANOAOD	/store/data/Run2018A/JetHT/NANOAOD/UL2018_NanoAODv15-v2/120000/065411b1-69f8-4e56-8247-26c3204b22f7.root	1221369	10000	209	653	1074704188	23184	9414557	15.00	172	3609	4346409	2424	3030302	1753	2308798	1317	1819490	2337	2932082
2026-09-28T12:06:49Z	2018UL	Data	JetHT_Run2018D	pd_jet	fa5fe5d75158	/JetHT/Run2018D-UL2018_NanoAODv15-v2/NANOAOD	/store/data/Run2018D/JetHT/NANOAOD/UL2018_NanoAODv15-v2/120000/02def2b8-9c7d-4d06-9f0f-c2c7909b481e.root	962252	10000	209	664	824739832	23200	8176107	15.00	183	2652	3078947	1776	2219215	1258	1682003	954	1350491	1724	2167683
2026-09-28T12:07:27Z	2018UL	Data	SingleMuon_Run2018D	pd_muon	fa5fe5d75158	/SingleMuon/Run2018D-UL2018_NanoAODv15-v2/NANOAOD	/store/data/Run2018D/SingleMuon/NANOAOD/UL2018_NanoAODv15-v2/120000/00b21657-67e8-4dc3-8bd5-2b87f085b673.root	1158837	10000	209	658	754216025	23136	6683316	15.00	38	442	725030	194	436778	110	321397	75	270648	140	367140
2026-09-28T12:15:11Z	2024	MC	TTbar_Hadronic	tt_had	343a47f1420e	/TTto4Q_TuneCP5_13p6TeV_powheg-pythia8/RunIII2024Summer24NanoAODv15-150X_mcRun3_2024_realistic_v2-v2/NANOAODSIM	/store/mc/RunIII2024Summer24NanoAODv15/TTto4Q_TuneCP5_13p6TeV_powheg-pythia8/NANOAODSIM/150X_mcRun3_2024_realistic_v2-v2/110000/02206ef6-823f-4270-a5ac-e7c206ed7600.root	530640	10000	209	703	969099206	26888	18221635	15.00	460	6843	13132077	5203	10198104	3777	7596380	2547	5205383	2902	5961139
2026-09-28T12:22:49Z	2024	MC	TTbar_SemiLep	tt_semilep	343a47f1420e	/TTtoLNu2Q_TuneCP5_13p6TeV_powheg-pythia8/RunIII2024Summer24NanoAODv15-150X_mcRun3_2024_realistic_v2-v2/NANOAODSIM	/store/mc/RunIII2024Summer24NanoAODv15/TTtoLNu2Q_TuneCP5_13p6TeV_powheg-pythia8/NANOAODSIM/150X_mcRun3_2024_realistic_v2-v2/2520000/004eb958-f042-48a7-b7a3-2f1cd5185215.root	624239	10000	209	703	1134410695	26848	18188615	15.00	458	4753	9538350	3211	6637109	2154	4563557	1407	3140101	1774	3870939
2026-09-28T12:30:06Z	2024	MC	TTbar_SemiLep	tt_semilep	343a47f1420e	/TTtoLNu2Q_TuneCP5_13p6TeV_powheg-pythia8/RunIII2024Summer24NanoAODv15-150X_mcRun3_2024_realistic_v2-v2/NANOAODSIM	/store/mc/RunIII2024Summer24NanoAODv15/TTtoLNu2Q_TuneCP5_13p6TeV_powheg-pythia8/NANOAODSIM/150X_mcRun3_2024_realistic_v2-v2/2520000/004eb958-f042-48a7-b7a3-2f1cd5185215.root	624239	10000	209	703	1134410695	26812	18188583	15.00	734	4753	9538358	3211	6637073	2154	4563737	1407	3140101	1774	3870903
2026-09-28T12:30:19Z	2024	MC	TTbar_DiLep	tt_dilep	343a47f1420e	/TTto2L2Nu_TuneCP5_13p6TeV_powheg-pythia8/RunIII2024Summer24NanoAODv15-150X_mcRun3_2024_realistic_v2-v3/NANOAODSIM	/store/mc/RunIII2024Summer24NanoAODv15/TTto2L2Nu_TuneCP5_13p6TeV_powheg-pythia8/NANOAODSIM/150X_mcRun3_2024_realistic_v2-v3/100000/016a8301-8bde-443d-a9f2-9dd5837b3f6d.root	820990	10000	209	703	1456484490	26896	17675815	15.00	450	2722	5590722	1614	3495217	997	2291996	604	1509398	882	2088404
2026-09-28T12:40:07Z	2024	MC	TTbar_DiLep	tt_dilep	343a47f1420e	/TTto2L2Nu_TuneCP5_13p6TeV_powheg-pythia8/RunIII2024Summer24NanoAODv15-150X_mcRun3_2024_realistic_v2-v3/NANOAODSIM	/store/mc/RunIII2024Summer24NanoAODv15/TTto2L2Nu_TuneCP5_13p6TeV_powheg-pythia8/NANOAODSIM/150X_mcRun3_2024_realistic_v2-v3/100000/016a8301-8bde-443d-a9f2-9dd5837b3f6d.root	820990	10000	209	703	1456484490	26860	17675791	15.00	596	2722	5590802	1614	3495193	997	2291956	604	1509378	882	2088352
2026-09-28T12:45:29Z	2024	MC	TTHHto4b	multitop	343a47f1420e	/TTHH-HHto4B_TuneCP5_13p6TeV_madgraph-pythia8/RunIII2024Summer24NanoAODv15-150X_mcRun3_2024_realistic_v2-v3/NANOAODSIM	/store/mc/RunIII2024Summer24NanoAODv15/TTHH-HHto4B_TuneCP5_13p6TeV_madgraph-pythia8/NANOAODSIM/150X_mcRun3_2024_realistic_v2-v3/110000/816bc6a6-7ca0-4a67-896d-0b0e3dcb6fba.root	290500	10000	209	703	765211941	26928	26014657	15.00	902	9748	25482238	9474	24829508	9057	23792836	8484	22389599	9079	23840968
2026-09-28T12:47:46Z	2024	MC	ttHToNonbb	ttx	343a47f1420e	/TTH-HtoNon2B_Par-M-125_TuneCP5_13p6TeV_powheg-pythia8/RunIII2024Summer24NanoAODv15-150X_mcRun3_2024_realistic_v2-v2/NANOAODSIM	/store/mc/RunIII2024Summer24NanoAODv15/TTH-HtoNon2B_Par-M-125_TuneCP5_13p6TeV_powheg-pythia8/NANOAODSIM/150X_mcRun3_2024_realistic_v2-v2/100000/025434ab-aa42-43f7-8122-ab070c35c38c.root	125120	10000	209	703	288398549	26864	22821661	15.00	137	8909	20747207	8013	18866074	6930	16479068	5778	13933553	6534	15644446
2026-09-28T12:53:16Z	2024	MC	QCD_HT200to400	qcd:200	343a47f1420e	/QCD-4Jets_Bin-HT-200to400_TuneCP5_13p6TeV_madgraphMLM-pythia8/RunIII2024Summer24NanoAODv15-150X_mcRun3_2024_realistic_v2-v2/NANOAODSIM	/store/mc/RunIII2024Summer24NanoAODv15/QCD-4Jets_Bin-HT-200to400_TuneCP5_13p6TeV_madgraphMLM-pythia8/NANOAODSIM/150X_mcRun3_2024_realistic_v2-v2/100000/003cfc2e-bea4-4828-a06c-ac83ed693abb.root	543437	10000	209	703	673146549	26880	12343356	15.00	330	756	1367290	223	549093	65	283118	21	179265	14	155092
2026-09-28T12:54:01Z	2024	MC	TTHHto4b	multitop	343a47f1420e	/TTHH-HHto4B_TuneCP5_13p6TeV_madgraph-pythia8/RunIII2024Summer24NanoAODv15-150X_mcRun3_2024_realistic_v2-v3/NANOAODSIM	/store/mc/RunIII2024Summer24NanoAODv15/TTHH-HHto4B_TuneCP5_13p6TeV_madgraph-pythia8/NANOAODSIM/150X_mcRun3_2024_realistic_v2-v3/110000/816bc6a6-7ca0-4a67-896d-0b0e3dcb6fba.root	290500	10000	209	703	765211941	26892	26014605	15.00	834	9748	25482242	9474	24829296	9057	23792768	8484	22389539	9079	23840872
2026-09-28T13:00:01Z	2024	MC	QCD_HT400to600	qcd:400	343a47f1420e	/QCD-4Jets_Bin-HT-400to600_TuneCP5_13p6TeV_madgraphMLM-pythia8/RunIII2024Summer24NanoAODv15-150X_mcRun3_2024_realistic_v2-v2/NANOAODSIM	/store/mc/RunIII2024Summer24NanoAODv15/QCD-4Jets_Bin-HT-400to600_TuneCP5_13p6TeV_madgraphMLM-pythia8/NANOAODSIM/150X_mcRun3_2024_realistic_v2-v2/100000/0e5115f9-67a6-4175-9786-103b17b68db9.root	275464	10000	209	703	394644314	26948	14319359	15.00	405	2027	3576707	1073	2051924	592	1240826	313	764198	923	1791652
2026-09-28T13:07:21Z	2024	MC	QCD_HT600to800	qcd:600	343a47f1420e	/QCD-4Jets_Bin-HT-600to800_TuneCP5_13p6TeV_madgraphMLM-pythia8/RunIII2024Summer24NanoAODv15-150X_mcRun3_2024_realistic_v2-v2/NANOAODSIM	/store/mc/RunIII2024Summer24NanoAODv15/QCD-4Jets_Bin-HT-600to800_TuneCP5_13p6TeV_madgraphMLM-pythia8/NANOAODSIM/150X_mcRun3_2024_realistic_v2-v2/100000/006f7cbe-2703-4198-ac5d-715eb25055a5.root	43505	10000	209	703	67634663	26916	15312545	15.00	440	2844	5168062	1691	3224549	1039	2118280	684	1493170	1690	3223369
2026-09-28T13:11:04Z	2024	MC	QCD_HT1000to1200	qcd:1000	343a47f1420e	/QCD-4Jets_Bin-HT-1000to1200_TuneCP5_13p6TeV_madgraphMLM-pythia8/RunIII2024Summer24NanoAODv15-150X_mcRun3_2024_realistic_v2-v2/NANOAODSIM	/store/mc/RunIII2024Summer24NanoAODv15/QCD-4Jets_Bin-HT-1000to1200_TuneCP5_13p6TeV_madgraphMLM-pythia8/NANOAODSIM/150X_mcRun3_2024_realistic_v2-v2/100000/04944a66-298c-46e2-88a8-7d4fd3774290.root	396790	10000	209	703	670581983	26916	16719337	15.00	223	3806	7424013	2630	5262596	1939	3988233	1477	3140185	2630	5262696
2026-09-28T13:12:15Z	2024	MC	ttHToNonbb	ttx	343a47f1420e	/TTH-HtoNon2B_Par-M-125_TuneCP5_13p6TeV_powheg-pythia8/RunIII2024Summer24NanoAODv15-150X_mcRun3_2024_realistic_v2-v2/NANOAODSIM	/store/mc/RunIII2024Summer24NanoAODv15/TTH-HtoNon2B_Par-M-125_TuneCP5_13p6TeV_powheg-pythia8/NANOAODSIM/150X_mcRun3_2024_realistic_v2-v2/100000/025434ab-aa42-43f7-8122-ab070c35c38c.root	125120	10000	209	703	288398549	26828	22821469	15.00	1094	8909	20747231	8013	18866118	6930	16479036	5778	13933553	6534	15644462
2026-09-28T13:14:55Z	2024	MC	QCD_HT1500to2000	qcd:1500	343a47f1420e	/QCD-4Jets_Bin-HT-1500to2000_TuneCP5_13p6TeV_madgraphMLM-pythia8/RunIII2024Summer24NanoAODv15-150X_mcRun3_2024_realistic_v2-v2/NANOAODSIM	/store/mc/RunIII2024Summer24NanoAODv15/QCD-4Jets_Bin-HT-1500to2000_TuneCP5_13p6TeV_madgraphMLM-pythia8/NANOAODSIM/150X_mcRun3_2024_realistic_v2-v2/100000/058b2317-cb61-4759-8e42-92f94a6ce300.root	472986	10000	209	703	865145008	26836	18014534	15.00	231	4266	8847612	3064	6529151	2335	5050767	1854	4135825	3064	6529171
2026-09-28T13:15:20Z	2024	MC	QCD_HT200to400	qcd:200	343a47f1420e	/QCD-4Jets_Bin-HT-200to400_TuneCP5_13p6TeV_madgraphMLM-pythia8/RunIII2024Summer24NanoAODv15-150X_mcRun3_2024_realistic_v2-v2/NANOAODSIM	/store/mc/RunIII2024Summer24NanoAODv15/QCD-4Jets_Bin-HT-200to400_TuneCP5_13p6TeV_madgraphMLM-pythia8/NANOAODSIM/150X_mcRun3_2024_realistic_v2-v2/100000/003cfc2e-bea4-4828-a06c-ac83ed693abb.root	543437	10000	209	703	673146549	26844	12343724	15.00	185	756	1367114	223	549045	65	283118	21	179129	14	155160
2026-09-28T13:17:55Z	2024	MC	WJetsToQQ_HT400to800	wjets:400	343a47f1420e	/Wto2Q-3Jets_Bin-HT-400to800_TuneCP5_13p6TeV_madgraphMLM-pythia8/RunIII2024Summer24NanoAODv15-150X_mcRun3_2024_realistic_v2-v2/NANOAODSIM	/store/mc/RunIII2024Summer24NanoAODv15/Wto2Q-3Jets_Bin-HT-400to800_TuneCP5_13p6TeV_madgraphMLM-pythia8/NANOAODSIM/150X_mcRun3_2024_realistic_v2-v2/120000/004d5dd5-1745-4664-9a9c-4a7402c6bd50.root	239811	10000	209	703	370721068	26904	15363486	15.00	180	2907	5197895	1703	3203053	1033	2079232	681	1474382	1562	2960030
2026-09-28T13:18:56Z	2024	MC	QCD_HT400to600	qcd:400	343a47f1420e	/QCD-4Jets_Bin-HT-400to600_TuneCP5_13p6TeV_madgraphMLM-pythia8/RunIII2024Summer24NanoAODv15-150X_mcRun3_2024_realistic_v2-v2/NANOAODSIM	/store/mc/RunIII2024Summer24NanoAODv15/QCD-4Jets_Bin-HT-400to600_TuneCP5_13p6TeV_madgraphMLM-pythia8/NANOAODSIM/150X_mcRun3_2024_realistic_v2-v2/100000/0e5115f9-67a6-4175-9786-103b17b68db9.root	275464	10000	209	703	394644314	26912	14319343	15.00	216	2027	3576727	1073	2051904	592	1240794	313	764118	923	1791576
2026-09-28T13:19:25Z	2024	MC	WJetsToQQ_HT800to1500	wjets:800	343a47f1420e	/Wto2Q-3Jets_Bin-HT-800to1500_TuneCP5_13p6TeV_madgraphMLM-pythia8/RunIII2024Summer24NanoAODv15-150X_mcRun3_2024_realistic_v2-v2/NANOAODSIM	/store/mc/RunIII2024Summer24NanoAODv15/Wto2Q-3Jets_Bin-HT-800to1500_TuneCP5_13p6TeV_madgraphMLM-pythia8/NANOAODSIM/150X_mcRun3_2024_realistic_v2-v2/130000/01157d4e-9b38-4c14-9e37-2be7a5b45521.root	142048	10000	209	703	249651064	26872	17354266	15.00	90	4632	8965218	3384	6708057	2580	5172639	1962	4024683	3384	6708129
2026-09-28T13:20:31Z	2024	MC	ZJetsToQQ_HT400to800	zjets:400	343a47f1420e	/Zto2Q-4Jets_Bin-HT-400to800_TuneCP5_13p6TeV_madgraphMLM-pythia8/RunIII2024Summer24NanoAODv15-150X_mcRun3_2024_realistic_v2-v2/NANOAODSIM	/store/mc/RunIII2024Summer24NanoAODv15/Zto2Q-4Jets_Bin-HT-400to800_TuneCP5_13p6TeV_madgraphMLM-pythia8/NANOAODSIM/150X_mcRun3_2024_realistic_v2-v2/2520000/000916f8-f457-4d29-a64a-378ba6aa7ff1.root	233449	10000	209	703	373360087	26944	15939337	15.00	66	3194	5940927	1953	3761343	1257	2535836	768	1658374	1690	3296017
2026-09-28T13:21:43Z	2024	MC	QCD_HT600to800	qcd:600	343a47f1420e	/QCD-4Jets_Bin-HT-600to800_TuneCP5_13p6TeV_madgraphMLM-pythia8/RunIII2024Summer24NanoAODv15-150X_mcRun3_2024_realistic_v2-v2/NANOAODSIM	/store/mc/RunIII2024Summer24NanoAODv15/QCD-4Jets_Bin-HT-600to800_TuneCP5_13p6TeV_madgraphMLM-pythia8/NANOAODSIM/150X_mcRun3_2024_realistic_v2-v2/100000/006f7cbe-2703-4198-ac5d-715eb25055a5.root	43505	10000	209	703	67634663	26880	15312597	15.00	166	2844	5167974	1691	3224525	1039	2118232	684	1493130	1690	3223365
2026-09-28T13:23:07Z	2024	MC	ZJetsToQQ_HT1500to2500	zjets:1500	343a47f1420e	/Zto2Q-4Jets_Bin-HT-1500to2500_TuneCP5_13p6TeV_madgraphMLM-pythia8/RunIII2024Summer24NanoAODv15-150X_mcRun3_2024_realistic_v2-v2/NANOAODSIM	/store/mc/RunIII2024Summer24NanoAODv15/Zto2Q-4Jets_Bin-HT-1500to2500_TuneCP5_13p6TeV_madgraphMLM-pythia8/NANOAODSIM/150X_mcRun3_2024_realistic_v2-v2/130000/01c2e4ff-9af5-4154-9657-7768333112f8.root	155718	10000	209	703	318668333	26876	20151855	15.00	156	5962	13064685	4776	10611706	3965	8990146	3306	7575946	4776	10611730
2026-09-28T13:24:09Z	2024	MC	ST_t_top_had	st_had	343a47f1420e	/TBbarQto2Q-t-channel-4FS_TuneCP5_13p6TeV_powheg-madspin-pythia8/RunIII2024Summer24NanoAODv15-150X_mcRun3_2024_realistic_v2-v2/NANOAODSIM	/store/mc/RunIII2024Summer24NanoAODv15/TBbarQto2Q-t-channel-4FS_TuneCP5_13p6TeV_powheg-madspin-pythia8/NANOAODSIM/150X_mcRun3_2024_realistic_v2-v2/110000/0293003b-9e6b-40b7-8d9e-3d7aa1538447.root	66918	10000	209	703	97841925	26912	14455890	15.00	62	1431	2728098	690	1486722	394	958568	217	629343	316	824057
2026-09-28T13:26:10Z	2024	MC	QCD_HT1000to1200	qcd:1000	343a47f1420e	/QCD-4Jets_Bin-HT-1000to1200_TuneCP5_13p6TeV_madgraphMLM-pythia8/RunIII2024Summer24NanoAODv15-150X_mcRun3_2024_realistic_v2-v2/NANOAODSIM	/store/mc/RunIII2024Summer24NanoAODv15/QCD-4Jets_Bin-HT-1000to1200_TuneCP5_13p6TeV_madgraphMLM-pythia8/NANOAODSIM/150X_mcRun3_2024_realistic_v2-v2/100000/04944a66-298c-46e2-88a8-7d4fd3774290.root	396790	10000	209	703	670581983	26880	16719305	15.00	267	3806	7423969	2630	5262576	1939	3988241	1477	3140025	2630	5262564
2026-09-28T13:30:38Z	2024	MC	QCD_HT1500to2000	qcd:1500	343a47f1420e	/QCD-4Jets_Bin-HT-1500to2000_TuneCP5_13p6TeV_madgraphMLM-pythia8/RunIII2024Summer24NanoAODv15-150X_mcRun3_2024_realistic_v2-v2/NANOAODSIM	/store/mc/RunIII2024Summer24NanoAODv15/QCD-4Jets_Bin-HT-1500to2000_TuneCP5_13p6TeV_madgraphMLM-pythia8/NANOAODSIM/150X_mcRun3_2024_realistic_v2-v2/100000/058b2317-cb61-4759-8e42-92f94a6ce300.root	472986	10000	209	703	865145008	26800	18014470	15.00	268	4266	8847576	3064	6529115	2335	5050747	1854	4135793	3064	6529131
2026-09-28T13:34:02Z	2024	MC	WJetsToQQ_HT400to800	wjets:400	343a47f1420e	/Wto2Q-3Jets_Bin-HT-400to800_TuneCP5_13p6TeV_madgraphMLM-pythia8/RunIII2024Summer24NanoAODv15-150X_mcRun3_2024_realistic_v2-v2/NANOAODSIM	/store/mc/RunIII2024Summer24NanoAODv15/Wto2Q-3Jets_Bin-HT-400to800_TuneCP5_13p6TeV_madgraphMLM-pythia8/NANOAODSIM/150X_mcRun3_2024_realistic_v2-v2/120000/004d5dd5-1745-4664-9a9c-4a7402c6bd50.root	239811	10000	209	703	370721068	26868	15363330	15.00	203	2907	5197875	1703	3203009	1033	2079208	681	1474386	1562	2959894
2026-09-28T13:36:46Z	2024	MC	ST_t_top_lep	st_lep	343a47f1420e	/TBbarQtoLNu-t-channel-4FS_TuneCP5_13p6TeV_powheg-madspin-pythia8/RunIII2024Summer24NanoAODv15-150X_mcRun3_2024_realistic_v2-v2/NANOAODSIM	/store/mc/RunIII2024Summer24NanoAODv15/TBbarQtoLNu-t-channel-4FS_TuneCP5_13p6TeV_powheg-madspin-pythia8/NANOAODSIM/150X_mcRun3_2024_realistic_v2-v2/120000/003fb301-ba80-483f-b627-56513d560d55.root	133566	10000	209	703	192133414	26868	14339458	15.00	757	722	1565650	325	848140	178	565123	96	394429	143	495450
2026-09-28T13:38:03Z	2024	MC	ST_tW_top_had	st_tw	343a47f1420e	/TWminusto4Q_TuneCP5_13p6TeV_powheg-pythia8/RunIII2024Summer24NanoAODv15-150X_mcRun3_2024_realistic_v2-v2/NANOAODSIM	/store/mc/RunIII2024Summer24NanoAODv15/TWminusto4Q_TuneCP5_13p6TeV_powheg-pythia8/NANOAODSIM/150X_mcRun3_2024_realistic_v2-v2/110000/01ebbbe2-d7ab-4e7b-8069-9bb7e70e9f0e.root	296000	10000	209	703	486099798	26948	16336700	15.00	77	4520	8252773	2905	5409396	1854	3643619	1178	2454788	1471	3008081
2026-09-28T13:38:24Z	2024	MC	WJetsToQQ_HT800to1500	wjets:800	343a47f1420e	/Wto2Q-3Jets_Bin-HT-800to1500_TuneCP5_13p6TeV_madgraphMLM-pythia8/RunIII2024Summer24NanoAODv15-150X_mcRun3_2024_realistic_v2-v2/NANOAODSIM	/store/mc/RunIII2024Summer24NanoAODv15/Wto2Q-3Jets_Bin-HT-800to1500_TuneCP5_13p6TeV_madgraphMLM-pythia8/NANOAODSIM/150X_mcRun3_2024_realistic_v2-v2/130000/01157d4e-9b38-4c14-9e37-2be7a5b45521.root	142048	10000	209	703	249651064	26836	17354290	15.00	262	4632	8965118	3384	6708029	2580	5172855	1962	4024715	3384	6708025
2026-09-28T13:42:14Z	2024	MC	ZJetsToQQ_HT400to800	zjets:400	343a47f1420e	/Zto2Q-4Jets_Bin-HT-400to800_TuneCP5_13p6TeV_madgraphMLM-pythia8/RunIII2024Summer24NanoAODv15-150X_mcRun3_2024_realistic_v2-v2/NANOAODSIM	/store/mc/RunIII2024Summer24NanoAODv15/Zto2Q-4Jets_Bin-HT-400to800_TuneCP5_13p6TeV_madgraphMLM-pythia8/NANOAODSIM/150X_mcRun3_2024_realistic_v2-v2/2520000/000916f8-f457-4d29-a64a-378ba6aa7ff1.root	233449	10000	209	703	373360087	26908	15939333	15.00	230	3194	5940963	1953	3761303	1257	2535784	768	1658506	1690	3295849
2026-09-28T13:45:22Z	2024	MC	ZJetsToQQ_HT1500to2500	zjets:1500	343a47f1420e	/Zto2Q-4Jets_Bin-HT-1500to2500_TuneCP5_13p6TeV_madgraphMLM-pythia8/RunIII2024Summer24NanoAODv15-150X_mcRun3_2024_realistic_v2-v2/NANOAODSIM	/store/mc/RunIII2024Summer24NanoAODv15/Zto2Q-4Jets_Bin-HT-1500to2500_TuneCP5_13p6TeV_madgraphMLM-pythia8/NANOAODSIM/150X_mcRun3_2024_realistic_v2-v2/130000/01c2e4ff-9af5-4154-9657-7768333112f8.root	155718	10000	209	703	318668333	26840	20151683	15.00	187	5962	13064661	4776	10611614	3965	8990002	3306	7575890	4776	10611658
2026-09-28T13:46:37Z	2024	MC	ST_t_top_had	st_had	343a47f1420e	/TBbarQto2Q-t-channel-4FS_TuneCP5_13p6TeV_powheg-madspin-pythia8/RunIII2024Summer24NanoAODv15-150X_mcRun3_2024_realistic_v2-v2/NANOAODSIM	/store/mc/RunIII2024Summer24NanoAODv15/TBbarQto2Q-t-channel-4FS_TuneCP5_13p6TeV_powheg-madspin-pythia8/NANOAODSIM/150X_mcRun3_2024_realistic_v2-v2/110000/0293003b-9e6b-40b7-8d9e-3d7aa1538447.root	66918	10000	209	703	97841925	26876	14455958	15.00	75	1431	2728038	690	1486838	394	958492	217	629363	316	824021
2026-09-28T13:49:13Z	2024	MC	WW	vv	343a47f1420e	/WW_TuneCP5_13p6TeV_pythia8/RunIII2024Summer24NanoAODv15-150X_mcRun3_2024_realistic_v2-v2/NANOAODSIM	/store/mc/RunIII2024Summer24NanoAODv15/WW_TuneCP5_13p6TeV_pythia8/NANOAODSIM/150X_mcRun3_2024_realistic_v2-v2/120000/0042c330-6553-4081-907e-c67019960d51.root	161452	10000	209	674	166498139	25528	10264286	15.00	670	538	961652	202	489412	100	333760	59	258392	71	284280
2026-09-28T14:00:45Z	2024	MC	ZZ	vv	343a47f1420e	/ZZ_TuneCP5_13p6TeV_pythia8/RunIII2024Summer24NanoAODv15-150X_mcRun3_2024_realistic_v2-v2/NANOAODSIM	/store/mc/RunIII2024Summer24NanoAODv15/ZZ_TuneCP5_13p6TeV_pythia8/NANOAODSIM/150X_mcRun3_2024_realistic_v2-v2/120000/0017669a-d442-4c3f-bc47-8156cf997f0d.root	39150	10000	209	674	40783288	25472	10342718	15.00	692	629	1122024	254	581475	126	379086	69	281992	109	361581
2026-09-28T14:01:59Z	2024	MC	ST_t_top_lep	st_lep	343a47f1420e	/TBbarQtoLNu-t-channel-4FS_TuneCP5_13p6TeV_powheg-madspin-pythia8/RunIII2024Summer24NanoAODv15-150X_mcRun3_2024_realistic_v2-v2/NANOAODSIM	/store/mc/RunIII2024Summer24NanoAODv15/TBbarQtoLNu-t-channel-4FS_TuneCP5_13p6TeV_powheg-madspin-pythia8/NANOAODSIM/150X_mcRun3_2024_realistic_v2-v2/120000/003fb301-ba80-483f-b627-56513d560d55.root	133566	10000	209	703	192133414	26832	14339686	15.00	922	722	1565666	325	848216	178	565007	96	394413	143	495318
2026-09-28T14:05:42Z	2024	Data	JetMET0_Run2024C-MINIv6NANOv15-v1	pd_jet	b42ae0aeb3a9	/JetMET0/Run2024C-MINIv6NANOv15-v1/NANOAOD	/store/data/Run2024C/JetMET0/NANOAOD/MINIv6NANOv15-v1/2530000/02d0d3cb-0be8-4b53-9742-4f40b2469051.root	1060188	10000	209	638	797697026	23516	7376040	15.00	297	1576	1871419	869	1176839	576	868507	404	676283	833	1138015
2026-09-28T14:08:02Z	2024	Data	JetMET0_Run2024G-MINIv6NANOv15-v2	pd_jet	b42ae0aeb3a9	/JetMET0/Run2024G-MINIv6NANOv15-v2/NANOAOD	/store/data/Run2024G/JetMET0/NANOAOD/MINIv6NANOv15-v2/100000/05fb5a15-102f-46e6-baf7-d589810a08c3.root	1071689	10000	209	646	836070167	23560	7637725	15.00	139	1677	2011243	966	1309371	633	947863	427	710439	924	1263215
2026-09-28T14:10:07Z	2024	MC	ST_tW_top_had	st_tw	343a47f1420e	/TWminusto4Q_TuneCP5_13p6TeV_powheg-pythia8/RunIII2024Summer24NanoAODv15-150X_mcRun3_2024_realistic_v2-v2/NANOAODSIM	/store/mc/RunIII2024Summer24NanoAODv15/TWminusto4Q_TuneCP5_13p6TeV_powheg-pythia8/NANOAODSIM/150X_mcRun3_2024_realistic_v2-v2/110000/01ebbbe2-d7ab-4e7b-8069-9bb7e70e9f0e.root	296000	10000	209	703	486099798	26912	16336672	15.00	487	4520	8252817	2905	5409236	1854	3643579	1178	2454732	1471	3008109
2026-09-28T14:10:21Z	2024	Data	JetMET0_Run2024H-MINIv6NANOv15-v2	pd_jet	b42ae0aeb3a9	/JetMET0/Run2024H-MINIv6NANOv15-v2/NANOAOD	/store/data/Run2024H/JetMET0/NANOAOD/MINIv6NANOv15-v2/2520000/112f8743-d7cc-4257-9544-057b7fc1db43.root	749384	10000	209	646	594734379	23544	7893812	15.00	137	1953	2292195	1149	1492151	730	1046647	512	802239	1093	1429563
2026-09-28T14:11:16Z	2024	Data	Muon0_Run2024G-MINIv6NANOv15-v1	pd_muon	b42ae0aeb3a9	/Muon0/Run2024G-MINIv6NANOv15-v1/NANOAOD	/store/data/Run2024G/Muon0/NANOAOD/MINIv6NANOv15-v1/110000/07cdc5f5-aec7-429f-9d62-5300592f14fe.root	696071	10000	209	646	480451226	23596	7079494	15.00	55	478	753783	207	441943	107	313121	63	244178	134	348671
2026-09-28T14:11:18Z	2024	MC	WW	vv	343a47f1420e	/WW_TuneCP5_13p6TeV_pythia8/RunIII2024Summer24NanoAODv15-150X_mcRun3_2024_realistic_v2-v2/NANOAODSIM	/store/mc/RunIII2024Summer24NanoAODv15/WW_TuneCP5_13p6TeV_pythia8/NANOAODSIM/150X_mcRun3_2024_realistic_v2-v2/120000/0042c330-6553-4081-907e-c67019960d51.root	161452	10000	209	674	166498139	25492	10264186	15.00	71	538	961556	202	489128	100	333856	59	258344	71	284468
2026-09-28T14:12:30Z	2024	MC	ZZ	vv	343a47f1420e	/ZZ_TuneCP5_13p6TeV_pythia8/RunIII2024Summer24NanoAODv15-150X_mcRun3_2024_realistic_v2-v2/NANOAODSIM	/store/mc/RunIII2024Summer24NanoAODv15/ZZ_TuneCP5_13p6TeV_pythia8/NANOAODSIM/150X_mcRun3_2024_realistic_v2-v2/120000/0017669a-d442-4c3f-bc47-8156cf997f0d.root	39150	10000	209	674	40783288	25436	10342662	15.00	72	629	1121984	254	581431	126	379158	69	281952	109	361353
2026-09-28T14:18:04Z	2024	Data	JetMET0_Run2024C-MINIv6NANOv15-v1	pd_jet	b42ae0aeb3a9	/JetMET0/Run2024C-MINIv6NANOv15-v1/NANOAOD	/store/data/Run2024C/JetMET0/NANOAOD/MINIv6NANOv15-v1/2530000/02d0d3cb-0be8-4b53-9742-4f40b2469051.root	1060188	10000	209	638	797697026	23480	7376076	15.00	333	1576	1871375	869	1176795	576	868511	404	676287	833	1137943
2026-09-28T14:25:35Z	2024	Data	JetMET0_Run2024G-MINIv6NANOv15-v2	pd_jet	b42ae0aeb3a9	/JetMET0/Run2024G-MINIv6NANOv15-v2/NANOAOD	/store/data/Run2024G/JetMET0/NANOAOD/MINIv6NANOv15-v2/100000/05fb5a15-102f-46e6-baf7-d589810a08c3.root	1071689	10000	209	646	836070167	23524	7637653	15.00	451	1677	2011215	966	1309591	633	947739	427	710663	924	1263167
2026-09-28T14:36:36Z	2024	Data	JetMET0_Run2024H-MINIv6NANOv15-v2	pd_jet	b42ae0aeb3a9	/JetMET0/Run2024H-MINIv6NANOv15-v2/NANOAOD	/store/data/Run2024H/JetMET0/NANOAOD/MINIv6NANOv15-v2/2520000/112f8743-d7cc-4257-9544-057b7fc1db43.root	749384	10000	209	646	594734379	23508	7893736	15.00	661	1953	2292223	1149	1492107	730	1046875	512	802099	1093	1429271
2026-09-28T14:41:36Z	2024	Data	Muon0_Run2024G-MINIv6NANOv15-v1	pd_muon	b42ae0aeb3a9	/Muon0/Run2024G-MINIv6NANOv15-v1/NANOAOD	/store/data/Run2024G/Muon0/NANOAOD/MINIv6NANOv15-v1/110000/07cdc5f5-aec7-429f-9d62-5300592f14fe.root	696071	10000	209	646	480451226	23560	7079434	15.00	300	478	753727	207	441811	107	313033	63	244142	134	348591
